"customer_id","customer","city","country"
1,MARY SMITH,Sasebo,Japan
2,PATRICIA JOHNSON,San Bernardino,United States
3,LINDA WILLIAMS,Athenai,Greece
4,BARBARA JONES,Myingyan,Myanmar
5,ELIZABETH BROWN,Nantou,Taiwan
6,JENNIFER DAVIS,Laredo,United States
7,MARIA MILLER,Kragujevac,Yugoslavia
8,SUSAN WILSON,Hamilton,New Zealand
9,MARGARET MOORE,Masqat,Oman
10,DOROTHY TAYLOR,Esfahan,Iran
11,LISA ANDERSON,Sagamihara,Japan
12,NANCY THOMAS,Yamuna Nagar,India
13,KAREN JACKSON,Osmaniye,Turkey
14,BETTY WHITE,Citrus Heights,United States
15,HELEN HARRIS,Bhopal,India
16,SANDRA MARTIN,Southend-on-Sea,United Kingdom
17,DONNA THOMPSON,Elista,Russian Federation
18,CAROL GARCIA,Kaduna,Nigeria
19,RUTH MARTINEZ,Kimberley,South Africa
20,SHARON ROBINSON,Mardan,Pakistan
21,MICHELLE CLARK,Tangail,Bangladesh
22,LAURA RODRIGUEZ,Sal,Morocco
23,SARAH LEWIS,Liepaja,Latvia
24,KIMBERLY LEE,Crdoba,Argentina
25,DEBORAH WALKER,Shikarpur,Pakistan
26,JESSICA HALL,Citt del Vaticano,Holy See (Vatican City State)
27,SHIRLEY ALLEN,Davao,Philippines
28,CYNTHIA YOUNG,Munger (Monghyr),India
29,ANGELA HERNANDEZ,Shimonoseki,Japan
30,MELISSA KING,Lungtan,Taiwan
31,BRENDA WRIGHT,Kamarhati,India
32,AMY LOPEZ,Jhansi,India
33,ANNA HILL,Alessandria,Italy
34,REBECCA SCOTT,Kurashiki,Japan
35,VIRGINIA GREEN,Toulouse,France
36,KATHLEEN ADAMS,Arak,Iran
37,PAMELA BAKER,Nanyang,China
38,MARTHA GONZALEZ,Chisinau,Moldova
39,DEBRA NELSON,Vila Velha,Brazil
40,AMANDA CARTER,Nador,Morocco
41,STEPHANIE MITCHELL,Yerevan,Armenia
42,CAROLYN PEREZ,Pak Kret,Thailand
43,CHRISTINE ROBERTS,Faaa,French Polynesia
44,MARIE TURNER,Lipetsk,Russian Federation
45,JANET PHILLIPS,Antofagasta,Chile
46,CATHERINE CAMPBELL,Moscow,Russian Federation
47,FRANCES PARKER,Juazeiro do Norte,Brazil
48,ANN EVANS,Niznekamsk,Russian Federation
49,JOYCE EDWARDS,Jedda,Saudi Arabia
50,DIANE COLLINS,Omdurman,Sudan
51,ALICE STEWART,Fontana,United States
52,JULIE SANCHEZ,A Corua (La Corua),Spain
53,HEATHER MORRIS,Nagareyama,Japan
54,TERESA ROGERS,Iwakuni,Japan
55,DORIS REED,Balaiha,Russian Federation
56,GLORIA COOK,Papeete,French Polynesia
57,EVELYN MORGAN,Vaduz,Liechtenstein
58,JEAN BELL,Kuching,Malaysia
59,CHERYL MURPHY,Mysore,India
60,MILDRED BAILEY,Jaipur,India
61,KATHERINE RIVERA,Basel,Switzerland
62,JOAN COOPER,Saint Louis,United States
63,ASHLEY RICHARDSON,Lincoln,United States
64,JUDITH COX,Daxian,China
65,ROSE HOWARD,Cayenne,French Guiana
66,JANICE WARD,Malm,Sweden
67,KELLY TORRES,Xiangtan,China
68,NICOLE PETERSON,Shivapuri,India
69,JUDY GRAY,Bchar,Algeria
70,CHRISTINA RAMIREZ,al-Hawiya,Saudi Arabia
71,KATHY JAMES,Baybay,Philippines
72,THERESA WATSON,Taguig,Philippines
73,BEVERLY BROOKS,Chiayi,Taiwan
74,DENISE KELLY,Rio Claro,Brazil
75,TAMMY SANDERS,Changhwa,Taiwan
76,IRENE PRICE,Pavlodar,Kazakstan
77,JANE BENNETT,Araatuba,Brazil
78,LORI WOOD,Rae Bareli,India
79,RACHEL BARNES,Kamakura,Japan
80,MARILYN ROSS,Ife,Nigeria
81,ANDREA HENDERSON,Mahajanga,Madagascar
82,KATHRYN COLEMAN,Simferopol,Ukraine
83,LOUISE JENKINS,Springs,South Africa
84,SARA PERRY,Atlixco,Mexico
85,ANNE POWELL,Bradford,United Kingdom
86,JACQUELINE LONG,Songkhla,Thailand
87,WANDA PATTERSON,Sincelejo,Colombia
88,BONNIE HUGHES,Cheju,South Korea
89,JULIA FLORES,La Plata,Argentina
90,RUBY WASHINGTON,Meixian,China
91,LOIS BUTLER,Bandar Seri Begawan,Brunei
92,TINA SIMMONS,Goinia,Brazil
93,PHYLLIS FOSTER,Zalantun,China
94,NORMA GONZALES,Bislig,Philippines
95,PAULA BRYANT,Pathankot,India
96,DIANA ALEXANDER,Augusta-Richmond County,United States
97,ANNIE RUSSELL,Tete,Mozambique
98,LILLIAN GRIFFIN,al-Ayn,United Arab Emirates
99,EMILY DIAZ,Kimchon,South Korea
100,ROBIN HAYES,Jelets,Russian Federation
101,PEGGY MYERS,Abha,Saudi Arabia
102,CRYSTAL FORD,Ashdod,Israel
103,GLADYS HAMILTON,Ilorin,Nigeria
104,RITA GRAHAM,Toulon,France
105,DAWN SULLIVAN,Funafuti,Tuvalu
106,CONNIE WALLACE,Ivanovo,Russian Federation
107,FLORENCE WOODS,Merlo,Argentina
108,TRACY COLE,Huixquilucan,Mexico
109,EDNA WEST,Klerksdorp,South Africa
110,TIFFANY JORDAN,Enshi,China
111,CARMEN OWENS,Caracas,Venezuela
112,ROSA REYNOLDS,Lancaster,United States
113,CINDY FISHER,Cuman,Venezuela
114,GRACE ELLIS,Duisburg,Germany
115,WENDY HARRISON,Nezahualcyotl,Mexico
116,VICTORIA GIBSON,Pemalang,Indonesia
117,EDITH MCDONALD,Gandhinagar,India
118,KIM CRUZ,Grand Prairie,United States
119,SHERRY MARSHALL,Shubra al-Khayma,Egypt
120,SYLVIA ORTIZ,Dos Quebradas,Colombia
121,JOSEPHINE GOMEZ,Etawah,India
122,THELMA MURRAY,Lima,Peru
123,SHANNON FREEMAN,Varanasi (Benares),India
124,SHEILA WELLS,Ktahya,Turkey
125,ETHEL WEBB,Boksburg,South Africa
126,ELLEN SIMPSON,Po,Brazil
127,ELAINE STEVENS,Smolensk,Russian Federation
128,MARJORIE TUCKER,Jastrzebie-Zdrj,Poland
129,CARRIE PORTER,Liaocheng,China
130,CHARLOTTE HUNTER,guas Lindas de Gois,Brazil
131,MONICA HICKS,Mukateve,Ukraine
132,ESTHER CRAWFORD,Botshabelo,South Africa
133,PAULINE HENRY,Torren,Mexico
134,EMMA BOYD,Qalyub,Egypt
135,JUANITA MASON,Pune,India
136,ANITA MORALES,Hubli-Dharwad,India
137,RHONDA KENNEDY,Apeldoorn,Netherlands
138,HAZEL WARREN,Hohhot,China
139,AMBER DIXON,Touliu,Taiwan
140,EVA RAMOS,Clarksville,United States
141,DEBBIE REYES,Fukuyama,Japan
142,APRIL BURNS,Dundee,United Kingdom
143,LESLIE GORDON,Kilis,Turkey
144,CLARA SHAW,Molodetno,Belarus
145,LUCILLE HOLMES,Soshanguve,South Africa
146,JAMIE RICE,Sterling Heights,United States
147,JOANNE ROBERTSON,Urawa,Japan
148,ELEANOR HUNT,Saint-Denis,Runion
149,VALERIE BLACK,Brockton,United States
150,DANIELLE DANIELS,Hidalgo,Mexico
151,MEGAN PALMER,Laiwu,China
152,ALICIA MILLS,Nagaon,India
153,SUZANNE NICHOLS,Jakarta,Indonesia
154,MICHELE GRANT,Yuncheng,China
155,GAIL KNIGHT,Bern,Switzerland
156,BERTHA FERGUSON,Ondo,Nigeria
157,DARLENE ROSE,Pyongyang,North Korea
158,VERONICA STONE,Greensboro,United States
159,JILL HAWKINS,Linz,Austria
160,ERIN DUNN,Ljubertsy,Russian Federation
161,GERALDINE PERKINS,Tel Aviv-Jaffa,Israel
162,LAUREN HUDSON,Le Mans,France
163,CATHY SPENCER,Kakamigahara,Japan
164,JOANN GARDNER,Tarsus,Turkey
165,LORRAINE STEPHENS,Hami,China
166,LYNN PAYNE,Lilongwe,Malawi
167,SALLY PIERCE,Chandrapur,India
168,REGINA BERRY,Jinchang,China
169,ERICA MATTHEWS,Pingxiang,China
170,BEATRICE ARNOLD,Udaipur,India
171,DOLORES WAGNER,Ipoh,Malaysia
172,BERNICE WILLIS,Batman,Turkey
173,AUDREY RAY,Graz,Austria
174,YVONNE WATKINS,Ocumare del Tuy,Venezuela
175,ANNETTE OLSON,Allappuzha (Alleppey),India
176,JUNE CARROLL,Skikda,Algeria
177,SAMANTHA DUNCAN,Matamoros,Mexico
178,MARION SNYDER,Santa Brbara dOeste,Brazil
179,DANA HART,Kirovo-Tepetsk,Russian Federation
180,STACY CUNNINGHAM,Pereira,Colombia
181,ANA BRADLEY,Memphis,United States
182,RENEE LANE,Compton,United States
183,IDA ANDREWS,Luzinia,Brazil
184,VIVIAN RUIZ,s-Hertogenbosch,Netherlands
185,ROBERTA HARPER,Shahr-e Kord,Iran
186,HOLLY FOX,Haldia,India
187,BRITTANY RILEY,Sumy,Ukraine
188,MELANIE ARMSTRONG,Bayugan,Philippines
189,LORETTA CARPENTER,Oshawa,Canada
190,YOLANDA WEAVER,Tabora,Tanzania
191,JEANETTE GREENE,Novoterkassk,Russian Federation
192,LAURIE LAWRENCE,Firozabad,India
193,KATIE ELLIOTT,Kisumu,Kenya
194,KRISTEN CHAVEZ,Hino,Japan
195,VANESSA SIMS,Siegen,Germany
196,ALMA AUSTIN,Mannheim,Germany
197,SUE PETERS,Changzhou,China
198,ELSIE KELLEY,Ikerre,Nigeria
199,BETH FRANKLIN,Haiphong,Vietnam
200,JEANNE LAWSON,Ashgabat,Turkmenistan
201,VICKI FIELDS,Witten,Germany
202,CARLA GUTIERREZ,Bhusawal,India
203,TARA RYAN,Gorontalo,Indonesia
204,ROSEMARY SCHMIDT,Usak,Turkey
205,EILEEN CARR,Ciudad del Este,Paraguay
206,TERRI VASQUEZ,Blumenau,Brazil
207,GERTRUDE CASTILLO,Nuuk,Greenland
208,LUCY WHEELER,Balurghat,India
209,TONYA CHAPMAN,Bhilwara,India
210,ELLA OLIVER,Aden,Yemen
211,STACEY MONTGOMERY,Fuyu,China
212,WILMA RICHARDS,Bellevue,United States
213,GINA WILLIAMSON,Taizz,Yemen
214,KRISTIN JOHNSTON,Sunnyvale,United States
215,JESSIE BANKS,Stara Zagora,Bulgaria
216,NATALIE MEYER,Aparecida de Goinia,Brazil
217,AGNES BISHOP,Sambhal,India
218,VERA MCCOY,Kabul,Afghanistan
219,WILLIE HOWELL,Vicente Lpez,Argentina
220,CHARLENE ALVAREZ,Zanzibar,Tanzania
221,BESSIE MORRISON,Syrakusa,Italy
222,DELORES HANSEN,Jaroslavl,Russian Federation
223,MELINDA FERNANDEZ,Mandi Bahauddin,Pakistan
224,PEARL GARZA,Jodhpur,India
225,ARLENE HARVEY,Ambattur,India
226,MAUREEN LITTLE,Asuncin,Paraguay
227,COLLEEN BURTON,Saarbrcken,Germany
228,ALLISON STANLEY,Phnom Penh,Cambodia
229,TAMARA NGUYEN,Anpolis,Brazil
230,JOY GEORGE,Botosani,Romania
231,GEORGIA JACOBS,Uttarpara-Kotrung,India
232,CONSTANCE REID,Zaria,Nigeria
233,LILLIE KIM,Idfu,Egypt
234,CLAUDIA FULLER,Jalib al-Shuyukh,Kuwait
235,JACKIE LYNCH,Buenaventura,Colombia
236,MARCIA DEAN,Tanza,Philippines
237,TANYA GILBERT,Naju,South Korea
238,NELLIE GARRETT,Shimoga,India
239,MINNIE ROMERO,Ciomas,Indonesia
240,MARLENE WELCH,Iwaki,Japan
241,HEIDI LARSON,Xiangfan,China
242,GLENDA FRAZIER,Qinhuangdao,China
243,LYDIA BURKE,San Miguel de Tucumn,Argentina
244,VIOLA HANSON,Lapu-Lapu,Philippines
245,COURTNEY DAY,Uijongbu,South Korea
246,MARIAN MENDOZA,Maring,Brazil
247,STELLA MORENO,Coacalco de Berriozbal,Mexico
248,CAROLINE BOWMAN,Tallahassee,United States
249,DORA MEDINA,Tianjin,China
250,JO FOWLER,Oyo,Nigeria
251,VICKIE BREWER,Halle/Saale,Germany
252,MATTIE HOFFMAN,London,United Kingdom
253,TERRY CARLSON,Miyakonojo,Japan
254,MAXINE SILVA,Poos de Caldas,Brazil
255,IRMA PEARSON,Hagonoy,Philippines
256,MABEL HOLLAND,Monywa,Myanmar
257,MARSHA DOUGLAS,Beira,Mozambique
258,MYRTLE FLEMING,Santiago de los Caballeros,Dominican Republic
259,LENA JENSEN,Halisahar,India
260,CHRISTY VARGAS,Datong,China
261,DEANNA BYRD,Tuguegarao,Philippines
262,PATSY DAVIDSON,Portoviejo,Ecuador
263,HILDA HOPKINS,Mandaluyong,Philippines
264,GWENDOLYN MAY,Higashiosaka,Japan
265,JENNIE TERRY,Olomouc,Czech Republic
266,NORA HERRERA,Salzburg,Austria
267,MARGIE WADE,Lengshuijiang,China
268,NINA SOTO,Palghat (Palakkad),India
269,CASSANDRA WALTERS,Salinas,United States
270,LEAH CURTIS,Kalisz,Poland
271,PENNY NEAL,Kumbakonam,India
272,KAY CALDWELL,Yantai,China
273,PRISCILLA LOWE,Salamanca,Mexico
274,NAOMI JENNINGS,Karnal,India
275,CAROLE BARNETT,Peoria,United States
276,BRANDY GRAVES,Warren,United States
277,OLGA JIMENEZ,Ogbomosho,Nigeria
278,BILLIE HORTON,Inegl,Turkey
279,DIANNE SHELTON,Tabriz,Iran
280,TRACEY BARRETT,Owo,Nigeria
281,LEONA OBRIEN,Fuzhou,China
282,JENNY CASTRO,Ponce,Puerto Rico
283,FELICIA SUTTON,Korla,China
284,SONIA GREGORY,Benin City,Nigeria
285,MIRIAM MCKINNEY,Otsu,Japan
286,VELMA LUCAS,Effon-Alaiye,Nigeria
287,BECKY MILES,Tambaram,India
288,BOBBIE CRAIG,Valle de Santiago,Mexico
289,VIOLET RODRIQUEZ,Kowloon and New Kowloon,Hong Kong
290,KRISTINA CHAMBERS,Valle de la Pascua,Venezuela
291,TONI HOLT,Roanoke,United States
292,MISTY LAMBERT,Sharja,United Arab Emirates
293,MAE FLETCHER,Donostia-San Sebastin,Spain
294,SHELLY WATTS,Dayton,United States
295,DAISY BATES,Kolpino,Russian Federation
296,RAMONA HALE,Patiala,India
297,SHERRI RHODES,Ahmadnagar,India
298,ERIKA PENA,Oulu,Finland
299,JAMES GANNON,Hiroshima,Japan
300,JOHN FARNSWORTH,Parbhani,India
301,ROBERT BAUGHMAN,Kaliningrad,Russian Federation
302,MICHAEL SILVERMAN,Tiefa,China
303,WILLIAM SATTERFIELD,Sanaa,Yemen
304,DAVID ROYAL,Callao,Peru
305,RICHARD MCCRARY,Arlington,United States
306,CHARLES KOWALSKI,Sungai Petani,Malaysia
307,JOSEPH JOY,Angra dos Reis,Brazil
308,THOMAS GRIGSBY,Kansas City,United States
309,CHRISTOPHER GRECO,Brescia,Italy
310,DANIEL CABRAL,Ibirit,Brazil
311,PAUL TROUT,Kursk,Russian Federation
312,MARK RINEHART,Tabuk,Saudi Arabia
313,DONALD MAHON,Ezhou,China
314,GEORGE LINTON,Sorocaba,Brazil
315,KENNETH GOODEN,Bat Yam,Israel
316,STEVEN CURLEY,Miraj,India
317,EDWARD BAUGH,Trshavn,Faroe Islands
318,BRIAN WYMAN,Bydgoszcz,Poland
319,RONALD WEINER,San Felipe del Progreso,Mexico
320,ANTHONY SCHWAB,Tafuna,American Samoa
321,KEVIN SCHULER,Birgunj,Nepal
322,JASON MORRISSEY,Baha Blanca,Argentina
323,MATTHEW MAHAN,Cuautla,Mexico
324,GARY COY,Yuzhou,China
325,TIMOTHY BUNN,Braslia,Brazil
326,JOSE ANDREW,Kingstown,Saint Vincent and the Grenadines
327,LARRY THRASHER,Adana,Turkey
328,JEFFREY SPEAR,Ciparay,Indonesia
329,FRANK WAGGONER,Jamalpur,Bangladesh
330,SCOTT SHELLEY,Aurora,United States
331,ERIC ROBERT,Santa F,Argentina
332,STEPHEN QUALLS,Dhaka,Bangladesh
333,ANDREW PURDY,Baku,Azerbaijan
334,RAYMOND MCWHORTER,Sumqayit,Azerbaijan
335,GREGORY MAULDIN,Sousse,Tunisia
336,JOSHUA MARK,Rampur,India
337,JERRY JORDON,Onomichi,Japan
338,DENNIS GILMAN,Paarl,South Africa
339,WALTER PERRYMAN,Xinxiang,China
340,PATRICK NEWSOM,Hanoi,Vietnam
341,PETER MENARD,Ede,Netherlands
342,HAROLD MARTINO,Boa Vista,Brazil
343,DOUGLAS GRAF,Mexicali,Mexico
344,HENRY BILLINGSLEY,Nukualofa,Tonga
345,CARL ARTIS,San Lorenzo,Paraguay
346,ARTHUR SIMPKINS,Maikop,Russian Federation
347,RYAN SALISBURY,Daugavpils,Latvia
348,ROGER QUINTANILLA,Hsichuh,Taiwan
349,JOE GILLILAND,Imus,Philippines
350,JUAN FRALEY,Teboksary,Russian Federation
351,JACK FOUST,Zeleznogorsk,Russian Federation
352,ALBERT CROUSE,Bamenda,Cameroon
353,JONATHAN SCARBOROUGH,Pachuca de Soto,Mexico
354,JUSTIN NGO,Santo Andr,Brazil
355,TERRY GRISSOM,Matsue,Japan
356,GERALD FULTZ,Satna,India
357,KEITH RICO,Bratislava,Slovakia
358,SAMUEL MARLOW,Ranchi,India
359,WILLIE MARKHAM,Almirante Brown,Argentina
360,RALPH MADRIGAL,Arecibo,Puerto Rico
361,LAWRENCE LAWTON,Yaound,Cameroon
362,NICHOLAS BARFIELD,Belm,Brazil
363,ROY WHITING,Nyeri,Kenya
364,BENJAMIN VARNEY,Guadalajara,Mexico
365,BRUCE SCHWARZ,Okinawa,Japan
366,BRANDON HUEY,Balikesir,Turkey
367,ADAM GOOCH,Adoni,India
368,HARRY ARCE,Najafabad,Iran
369,FRED WHEAT,Jurez,Mexico
370,WAYNE TRUONG,Gulbarga,India
371,BILLY POULIN,Cabuyao,Philippines
372,STEVE MACKENZIE,Probolinggo,Indonesia
373,LOUIS LEONE,Tanauan,Philippines
374,JEREMY HURTADO,Vitria de Santo Anto,Brazil
375,AARON SELBY,Mwene-Ditu,"Congo, The Democratic Republic of the"
376,RANDY GAITHER,Kurgan,Russian Federation
377,HOWARD FORTNER,Kermanshah,Iran
378,EUGENE CULPEPPER,Shenzhen,China
379,CARLOS COUGHLIN,Bhavnagar,India
380,RUSSELL BRINSON,Tychy,Poland
381,BOBBY BOUDREAU,South Hill,Anguilla
382,VICTOR BARKLEY,Manchester,United States
383,MARTIN BALES,Namibe,Angola
384,ERNEST STEPP,Huaian,China
385,PHILLIP HOLM,Tama,Japan
386,TODD TAN,Kamjanets-Podilskyi,Ukraine
387,JESSE SCHILLING,Lubumbashi,"Congo, The Democratic Republic of the"
388,CRAIG MORRELL,Cavite,Philippines
389,ALAN KAHN,Emeishan,China
390,SHAWN HEATON,Nakhon Sawan,Thailand
391,CLARENCE GAMEZ,Izumisano,Japan
392,SEAN DOUGLASS,Addis Abeba,Ethiopia
393,PHILIP CAUSEY,Korolev,Russian Federation
394,CHRIS BROTHERS,Gijn,Spain
395,JOHNNY TURPIN,al-Qadarif,Sudan
396,EARL SHANKS,Iwatsuki,Japan
397,JIMMY SCHRADER,Atinsk,Russian Federation
398,ANTONIO MEEK,Bag,Brazil
399,DANNY ISOM,Okara,Pakistan
400,BRYAN HARDISON,Dallas,United States
401,TONY CARRANZA,Koriyama,Japan
402,LUIS YANEZ,Brest,France
403,MIKE WAY,Valparai,India
404,STANLEY SCROGGINS,Omiya,Japan
405,LEONARD SCHOFIELD,Tandil,Argentina
406,NATHAN RUNYON,Charlotte Amalie,"Virgin Islands, U.S."
407,DALE RATCLIFF,Rustenburg,South Africa
408,MANUEL MURRELL,Jaffna,Sri Lanka
409,RODNEY MOELLER,Deba Habe,Nigeria
410,CURTIS IRBY,Richmond Hill,Canada
411,NORMAN CURRIER,Cianjur,Indonesia
412,ALLEN BUTTERFIELD,Hoshiarpur,India
413,MARVIN YEE,Berhampore (Baharampur),India
414,VINCENT RALSTON,Allende,Mexico
415,GLENN PULLEN,Amersfoort,Netherlands
416,JEFFERY PINSON,Dadu,Pakistan
417,TRAVIS ESTEP,al-Qatif,Saudi Arabia
418,JEFF EAST,San Felipe de Puerto Plata,Dominican Republic
419,CHAD CARBONE,Katihar,India
420,JACOB LANCE,El Monte,United States
421,LEE HAWKS,Pudukkottai,India
422,MELVIN ELLINGTON,Laohekou,China
423,ALFRED CASILLAS,Sawhaj,Egypt
424,KYLE SPURLOCK,Shanwei,China
425,FRANCIS SIKES,San Juan Bautista Tuxtepec,Mexico
426,BRADLEY MOTLEY,Purnea (Purnia),India
427,JESUS MCCARTNEY,Guaruj,Brazil
428,HERBERT KRUGER,Syktyvkar,Russian Federation
429,FREDERICK ISBELL,Tsuyama,Japan
430,RAY HOULE,Dzerzinsk,Russian Federation
431,JOEL FRANCISCO,Sucre,Bolivia
432,EDWIN BURK,Newcastle,South Africa
433,DON BONE,Naala-Porto,Mozambique
434,EDDIE TOMLIN,Ozamis,Philippines
435,RICKY SHELBY,Junan,China
436,TROY QUIGLEY,Vancouver,Canada
437,RANDALL NEUMANN,La Romana,Dominican Republic
438,BARRY LOVELACE,Kitwe,Zambia
439,ALEXANDER FENNELL,Bergamo,Italy
440,BERNARD COLBY,Dhule (Dhulia),India
441,MARIO CHEATHAM,Batna,Algeria
442,LEROY BUSTAMANTE,Tongliao,China
443,FRANCISCO SKIDMORE,So Leopoldo,Brazil
444,MARCUS HIDALGO,Tartu,Estonia
445,MICHEAL FORMAN,Escobar,Argentina
446,THEODORE CULP,Uluberia,India
447,CLIFFORD BOWENS,Nabereznyje Telny,Russian Federation
448,MIGUEL BETANCOURT,Erlangen,Germany
449,OSCAR AQUINO,Sirjan,Iran
450,JAY ROBB,Surakarta,Indonesia
451,JIM REA,El Fuerte,Mexico
452,TOM MILNER,Abu Dhabi,United Arab Emirates
453,CALVIN MARTEL,Maracabo,Venezuela
454,ALEX GRESHAM,Uruapan,Mexico
455,JON WILES,El Alto,Bolivia
456,RONNIE RICKETTS,Ziguinchor,Senegal
457,BILL GAVIN,Rockford,United States
458,LLOYD DOWD,Tegal,Indonesia
459,TOMMY COLLAZO,Qomsheh,Iran
460,LEON BOSTIC,Florencia,Colombia
461,DEREK BLAKELY,Gingoog,Philippines
462,WARREN SHERROD,Usolje-Sibirskoje,Russian Federation
463,DARRELL POWER,Halifax,Canada
464,JEROME KENYON,Rancagua,Chile
465,FLOYD GANDY,Zapopan,Mexico
466,LEO EBERT,Dongying,China
467,ALVIN DELOACH,Cuauhtmoc,Mexico
468,TIM CARY,Bijapur,India
469,WESLEY BULL,Ourense (Orense),Spain
470,GORDON ALLARD,Hodeida,Yemen
471,DEAN SAUER,Johannesburg,South Africa
472,GREG ROBINS,Nam Dinh,Vietnam
473,JORGE OLIVARES,Lhokseumawe,Indonesia
474,DUSTIN GILLETTE,Emmen,Netherlands
475,PEDRO CHESTNUT,ostka,Ukraine
476,DERRICK BOURQUE,Gatineau,Canada
477,DAN PAINE,Stockport,United Kingdom
478,LEWIS LYMAN,Ashqelon,Israel
479,ZACHARY HITE,Akron,United States
480,COREY HAUSER,Gaziantep,Turkey
481,HERMAN DEVORE,Mwanza,Tanzania
482,MAURICE CRAWLEY,Coatzacoalcos,Mexico
483,VERNON CHAPA,Denizli,Turkey
484,ROBERTO VU,Yinchuan,China
485,CLYDE TOBIAS,Shaoguan,China
486,GLEN TALBERT,Acua,Mexico
487,HECTOR POINDEXTER,Pjatigorsk,Russian Federation
488,SHANE MILLARD,La Paz,Mexico
489,RICARDO MEADOR,Okayama,Japan
490,SAM MCDUFFIE,Sogamoso,Colombia
491,RICK MATTOX,Mit Ghamr,Egypt
492,LESTER KRAUS,Kanchrapara,India
493,BRENT HARKINS,Sultanbeyli,Turkey
494,RAMON CHOATE,Robamba,Ecuador
495,CHARLIE BESS,Baiyin,China
496,TYLER WREN,Rizhao,China
497,GILBERT SLEDGE,York,United Kingdom
498,GENE SANBORN,Salala,Oman
499,MARC OUTLAW,Brindisi,Italy
500,REGINALD KINDER,Madiun,Indonesia
501,RUBEN GEARY,Lublin,Poland
502,BRETT CORNWELL,Siliguri (Shiliguri),India
503,ANGEL BARCLAY,Ueda,Japan
504,NATHANIEL ADAM,Joliet,United States
505,RAFAEL ABNEY,Talavera,Philippines
506,LESLIE SEWARD,Pontianak,Indonesia
507,EDGAR RHOADS,Eskisehir,Turkey
508,MILTON HOWLAND,Vijayawada,India
509,RAUL FORTIER,Chapra,India
510,BEN EASTER,Kamyin,Russian Federation
511,CHESTER BENNER,Suihua,China
512,CECIL VINES,London,United Kingdom
513,DUANE TUBBS,Yangor,Nauru
514,FRANKLIN TROUTMAN,Zaoyang,China
515,ANDRE RAPP,Coquimbo,Chile
516,ELMER NOE,Battambang,Cambodia
517,BRAD MCCURDY,Chungho,Taiwan
518,GABRIEL HARDER,Sivas,Turkey
519,RON DELUCA,Isesaki,Japan
520,MITCHELL WESTMORELAND,Nha Trang,Vietnam
521,ROLAND SOUTH,Yingkou,China
522,ARNOLD HAVENS,Santa Rosa,Philippines
523,HARVEY GUAJARDO,Vinh,Vietnam
524,JARED ELY,Purwakarta,Indonesia
525,ADRIAN CLARY,Udine,Italy
526,KARL SEAL,Cape Coral,United States
527,CORY MEEHAN,Mogiljov,Belarus
528,CLAUDE HERZOG,Benguela,Angola
529,ERIK GUILLEN,Bhimavaram,India
530,DARRYL ASHCRAFT,Ezeiza,Argentina
531,JAMIE WAUGH,Kuwana,Japan
532,NEIL RENNER,Cam Ranh,Vietnam
533,JESSIE MILAM,Binzhou,China
534,CHRISTIAN JUNG,Amroha,India
535,JAVIER ELROD,NDjamna,Chad
536,FERNANDO CHURCHILL,Tonghae,South Korea
537,CLINTON BUFORD,Aurora,United States
538,TED BREAUX,Baicheng,China
539,MATHEW BOLIN,Valencia,Venezuela
540,TYRONE ASHER,Ruse,Bulgaria
541,DARREN WINDHAM,Livorno,Italy
542,LONNIE TIRADO,Pangkal Pinang,Indonesia
543,LANCE PEMBERTON,Beni-Mellal,Morocco
544,CODY NOLEN,So Bernardo do Campo,Brazil
545,JULIO NOLAND,Konotop,Ukraine
546,KELLY KNOTT,Sanya,China
547,KURT EMMONS,Kanazawa,Japan
548,ALLAN CORNISH,Tarlac,Philippines
549,NELSON CHRISTENSON,Santiago de Compostela,Spain
550,GUY BROWNLEE,Zhoushan,China
551,CLAYTON BARBEE,Alvorada,Brazil
552,HUGH WALDROP,Haining,China
553,MAX PITT,Novi Sad,Yugoslavia
554,DWAYNE OLVERA,Rajkot,India
555,DWIGHT LOMBARDI,Chatsworth,South Africa
556,ARMANDO GRUBER,Southport,United Kingdom
557,FELIX GAFFNEY,Vilnius,Lithuania
558,JIMMIE EGGLESTON,Wroclaw,Poland
559,EVERETT BANDA,Bilbays,Egypt
560,JORDAN ARCHULETA,Avellaneda,Argentina
561,IAN STILL,Garland,United States
562,WALLACE SLONE,Sokoto,Nigeria
563,KEN PREWITT,Bucuresti,Romania
564,BOB PFEIFFER,Xintai,China
565,JAIME NETTLES,Hunuco,Peru
566,CASEY MENA,Tokat,Turkey
567,ALFREDO MCADAMS,Serpuhov,Russian Federation
568,ALBERTO HENNING,Barcelona,Venezuela
569,DAVE GARDINER,Leshan,China
570,IVAN CROMWELL,Monclova,Mexico
571,JOHNNIE CHISHOLM,Plock,Poland
572,SIDNEY BURLESON,Czestochowa,Poland
573,BYRON BOX,Zhezqazghan,Kazakstan
574,JULIAN VEST,Akishima,Japan
575,ISAAC OGLESBY,Cuernavaca,Mexico
576,MORRIS MCCARTER,Fengshan,Taiwan
577,CLIFTON MALCOLM,Tanshui,Taiwan
578,WILLARD LUMPKIN,Carmen,Mexico
579,DARYL LARUE,Mosul,Iraq
580,ROSS GREY,Iligan,Philippines
581,VIRGIL WOFFORD,Jos Azueta,Mexico
582,ANDY VANHORN,Huejutla de Reyes,Mexico
583,MARSHALL THORN,Southampton,United Kingdom
584,SALVADOR TEEL,Banjul,Gambia
585,PERRY SWAFFORD,Quilmes,Argentina
586,KIRK STCLAIR,Tsaotun,Taiwan
587,SERGIO STANFIELD,Celaya,Mexico
588,MARION OCAMPO,Weifang,China
589,TRACY HERRMANN,Loja,Ecuador
590,SETH HANNON,al-Manama,Bahrain
591,KENT ARSENAULT,Juiz de Fora,Brazil
592,TERRANCE ROUSH,Szkesfehrvr,Hungary
593,RENE MCALISTER,Garden Grove,United States
594,EDUARDO HIATT,Jining,China
595,TERRENCE GUNDERSON,Jinzhou,China
596,ENRIQUE FORSYTHE,Patras,Greece
597,FREDDIE DUGGAN,Sullana,Peru
598,WADE DELVALLE,Lausanne,Switzerland
599,AUSTIN CINTRON,Tieli,China
